{
  "model_performance": {
    "r2_score": 0.9147942001984564,
    "rmse": 2.5338820890937748,
    "mae": 2.010612246618084,
    "training_samples": 1000,
    "features": 20
  },
  "scenario_analysis": {
    "scenarios_tested": 3,
    "total_economic_impact": 2994333135.235068,
    "avg_recovery_time": 9.0,
    "max_cascade_events": 2
  },
  "explainability": {
    "explanations_generated": 3,
    "avg_confidence": 0.9963333333333334
  },
  "execution_time": 9.770174
}